Business Name,Address,Phone
Malerbetrieb Daniel Kreß,"Duisburg, Jerman",+49 203 39685525
Orhan Aksöz,"Duisburg, Jerman",+49 203 5007452
Markus Rummeni Malermeister,"Duisburg, Jerman",+49 2065 839177
Marcel Rösiger Maler- und Lackierer- betrieb,"Duisburg, Jerman",+49 203 4871061
Malerbetrieb,"Duisburg, Jerman",+49 174 4638805
Pieper Malerei u. Anstrich Inh. Dieter Siegel,"Duisburg, Jerman",+49 203 82582
Föcking GmbH H.,"Duisburg, Jerman",+49 203 558190
Gohres Malerbetrieb,"Duisburg, Jerman",+49 2065 20670
Jörg Pelters,"Duisburg, Jerman",+49 203 27989
Malerbetrieb D&U,Tutup ⋅ Buka pukul 09.00,No Phone
Bernd Kirschbaum Malerbetrieb,"Duisburg, Jerman",+49 203 330562
Heinz Milde,"Duisburg, Jerman",+49 203 463804
Karl-Heinz Bröcker Malerbetrieb,Tutup sementara,No Phone
Reiffert Malerbetrieb,"Duisburg, Jerman",+49 203 87961743
Malerbetrieb Klaus-Michael Gertchen GmbH,RUTE,No Phone
Peter Stange Malerbetrieb GmbH,"Duisburg, Jerman",+49 203 663029
Eberhard Damen,RUTE,No Phone
Gerhard Giegel Malerbetriebe GmbH,"Duisburg, Jerman",+49 203 61966
Gerhard Scherbaum,RUTE,No Phone
Thorsten Funck Maler- und Lackierbetrieb,"Duisburg, Jerman",+49 2841 8216
MAX-MALERFACHBETRIEB,Tutup sementara,No Phone
Monika Kloss,Tutup sementara,No Phone
Andreas Kok Malerbetrieb,"Duisburg, Jerman",+49 172 2170055
crafts-and-arts maler handwerk duisburg,Tutup ⋅ Buka pukul 09.00,No Phone
Erste Maler Duisburg GmbH,Tutup sementara,No Phone
Malerbetrieb-Kaus,RUTE,No Phone
Michael Albers Maler- und Lackierer,"Krefeld, Jerman",+49 2151 520040
crafts and arts maler handwerk duisburg,Tutup ⋅ Buka pukul 09.00,No Phone
Dieter Gutounik Maler und Lackierer,"Moers, Jerman",+49 2841 518110
Frank Günther,"Duisburg, Jerman",+49 203 7135560
Hans Loevenich Malerbetrieb Inhaber: Ludger Hofmann,"Oberhausen, Jerman",+49 208 21153
J.und G. Groß GmbH & Co. Malermeister-Betrieb KG,"Oberhausen, Jerman",+49 208 650082
Thomas Maler und Lackierer Behrendt,"Oberhausen, Jerman",+49 208 6291922
Helmut Petrausch,"Moers, Jerman",+49 2841 502847
Ralf Janzen Maler- und Lackierer,RUTE,No Phone
"Rautenberg, Dirk",RUTE,No Phone
Gerd Heiner Schöpf Maler- und Lackierer,RUTE,No Phone
Werner Hagemann GmbH,"Moers, Jerman",+49 2841 35483
Karl-Heinz Wanner Maler und Lackierer,Tutup sementara,No Phone
Hermann Föcking,RUTE,No Phone
Werner Buchholz Malerbetrieb GmbH,"Krefeld, Jerman",+49 2151 481979
Ralf Schmidt Malermeister,RUTE,No Phone
Malerbetrieb Thomas Paul KG,"Essen, Jerman",+49 201 6958069
Ralf Michael Bartschat Malerarbeiten,"Oberhausen, Jerman",+49 208 847628
Jörg Kirchhöfer Maler- und Lackierer,RUTE,No Phone
G. Koblitz,RUTE,No Phone
Werner Günter Jung,"Moers, Jerman",+49 2841 31108
Heike Hecker,"Oberhausen, Jerman",+49 177 8952348
Farbconcept Dustin Stelzer,"Mülheim, Jerman",+49 172 4875828
Malermeister Daniel Schmitz Techniker für Altbauerhaltung und Baudenkmalpflege,"Essen, Jerman",+49 172 2957575
Karl-Heinz Fischer Maler- und Lackiererei,RUTE,No Phone
Alpha Baudekoration - Maler | Lackierer | Tapezierer | Schimmelbeseitigung,Tutup ⋅ Buka pukul 09.00,No Phone
Klaus Dieter Bröggelwirth Maler- u.Lackierer,RUTE,No Phone
Leo Venn,"Oberhausen, Jerman",+49 208 681198
Heinrich Titzhoff und Bernd Titzhoff Malergeschäft,RUTE,No Phone
Günther-Heinz Busch Malergeschäft,RUTE,No Phone
Hans-Werner Orf Malermeister,RUTE,No Phone
Jansen,Tutup ⋅ Buka pukul 08.00,No Phone
Ralph Worring Malerbetrieb,"Mülheim, Jerman",+49 208 404410
Malerbetrieb-Happe,Tutup sementara,No Phone
Günter Bode,RUTE,No Phone
Josef Reuther,"Oberhausen, Jerman",+49 208 652772
Malermeisterbetrieb Helmut Schwarz,"Oberhausen, Jerman",+49 208 7785056

